t,phase,target_deg,actual_low_deg,actual_high_deg,err_low_deg,err_high_deg
0.0,settle,-90.0,-90.0007,-89.9999,0.0007,0.0001
0.0083,settle,-90.0,-90.0017,-89.9998,0.0017,0.0002
0.0167,settle,-90.0,-90.0026,-89.9997,0.0026,0.0003
0.025,settle,-90.0,-90.0031,-89.9996,0.0031,0.0004
0.0333,settle,-90.0,-90.003,-89.9996,0.003,0.0004
0.0417,settle,-90.0,-90.0025,-89.9995,0.0025,0.0005
0.05,settle,-90.0,-90.0015,-89.9994,0.0014,0.0006
0.0583,settle,-90.0,-90.0,-89.9993,0.0,0.0007
0.0667,settle,-90.0,-89.9981,-89.9993,0.0019,0.0007
0.075,settle,-90.0,-89.9959,-89.9993,0.0041,0.0007
0.0833,settle,-90.0,-89.9935,-89.9993,0.0065,0.0007
0.0917,settle,-90.0,-89.9908,-89.9993,0.0092,0.0007
0.1,settle,-90.0,-89.988,-89.9993,0.012,0.0007
0.1083,settle,-90.0,-89.985,-89.9993,0.015,0.0007
0.1167,settle,-90.0,-89.982,-89.9993,0.018,0.0007
0.125,settle,-90.0,-89.9789,-89.9993,0.0211,0.0007
0.1333,settle,-90.0,-89.9758,-89.9993,0.0242,0.0007
0.1417,settle,-90.0,-89.9727,-89.9993,0.0273,0.0007
0.15,settle,-90.0,-89.9697,-89.9993,0.0303,0.0007
0.1583,settle,-90.0,-89.9667,-89.9993,0.0333,0.0007
0.1667,settle,-90.0,-89.9638,-89.9993,0.0362,0.0007
0.175,settle,-90.0,-89.961,-89.9993,0.039,0.0007
0.1833,settle,-90.0,-89.9583,-89.9993,0.0417,0.0007
0.1917,settle,-90.0,-89.9557,-89.9993,0.0443,0.0007
0.2,settle,-90.0,-89.9533,-89.9993,0.0467,0.0007
0.2083,settle,-90.0,-89.951,-89.9993,0.049,0.0007
0.2167,settle,-90.0,-89.9489,-89.9993,0.0511,0.0007
0.225,settle,-90.0,-89.9469,-89.9993,0.0531,0.0007
0.2333,settle,-90.0,-89.9451,-89.9993,0.0549,0.0007
0.2417,settle,-90.0,-89.9434,-89.9993,0.0566,0.0007
0.25,settle,-90.0,-89.942,-89.9993,0.058,0.0007
0.2583,settle,-90.0,-89.9406,-89.9993,0.0594,0.0007
0.2667,settle,-90.0,-89.9394,-89.9993,0.0606,0.0007
0.275,settle,-90.0,-89.9383,-89.9993,0.0617,0.0007
0.2833,settle,-90.0,-89.9374,-89.9993,0.0626,0.0007
0.2917,settle,-90.0,-89.9366,-89.9993,0.0634,0.0007
0.3,settle,-90.0,-89.936,-89.9993,0.064,0.0007
0.3083,settle,-90.0,-89.9354,-89.9993,0.0646,0.0007
0.3167,settle,-90.0,-89.935,-89.9993,0.065,0.0007
0.325,settle,-90.0,-89.9347,-89.9993,0.0653,0.0007
0.3333,settle,-90.0,-89.9345,-89.9993,0.0655,0.0007
0.3417,settle,-90.0,-89.9343,-89.9993,0.0657,0.0007
0.35,settle,-90.0,-89.9343,-89.9993,0.0657,0.0007
0.3583,settle,-90.0,-89.9344,-89.9993,0.0656,0.0007
0.3667,settle,-90.0,-89.9345,-89.9993,0.0655,0.0007
0.375,settle,-90.0,-89.9347,-89.9993,0.0654,0.0007
0.3833,settle,-90.0,-89.9349,-89.9993,0.0651,0.0007
0.3917,settle,-90.0,-89.9352,-89.9993,0.0648,0.0007
0.4,settle,-90.0,-89.9355,-89.9993,0.0645,0.0007
0.4083,settle,-90.0,-89.9359,-89.9993,0.0641,0.0007
0.4167,settle,-90.0,-89.9363,-89.9993,0.0637,0.0007
0.425,settle,-90.0,-89.9367,-89.9993,0.0633,0.0007
0.4333,settle,-90.0,-89.9371,-89.9993,0.0629,0.0007
0.4417,settle,-90.0,-89.9376,-89.9993,0.0624,0.0007
0.45,settle,-90.0,-89.9381,-89.9993,0.0619,0.0007
0.4583,settle,-90.0,-89.9386,-89.9993,0.0614,0.0007
0.4667,settle,-90.0,-89.939,-89.9993,0.061,0.0007
0.475,settle,-90.0,-89.9395,-89.9993,0.0605,0.0007
0.4833,settle,-90.0,-89.94,-89.9993,0.06,0.0007
0.4917,settle,-90.0,-89.9405,-89.9993,0.0595,0.0007
0.5,settle,-90.0,-89.9409,-89.9993,0.0591,0.0007
0.5083,settle,-90.0,-89.9414,-89.9993,0.0586,0.0007
0.5167,settle,-90.0,-89.9418,-89.9993,0.0582,0.0007
0.525,settle,-90.0,-89.9423,-89.9993,0.0577,0.0007
0.5333,settle,-90.0,-89.9427,-89.9993,0.0573,0.0007
0.5417,settle,-90.0,-89.9431,-89.9993,0.0569,0.0007
0.55,settle,-90.0,-89.9434,-89.9993,0.0566,0.0007
0.5583,settle,-90.0,-89.9438,-89.9993,0.0562,0.0007
0.5667,settle,-90.0,-89.9441,-89.9993,0.0559,0.0007
0.575,settle,-90.0,-89.9444,-89.9993,0.0556,0.0007
0.5833,settle,-90.0,-89.9447,-89.9993,0.0553,0.0007
0.5917,settle,-90.0,-89.9449,-89.9993,0.0551,0.0007
0.6,settle,-90.0,-89.9452,-89.9993,0.0548,0.0007
0.6083,settle,-90.0,-89.9454,-89.9993,0.0546,0.0007
0.6167,settle,-90.0,-89.9456,-89.9993,0.0544,0.0007
0.625,settle,-90.0,-89.9458,-89.9993,0.0542,0.0007
0.6333,settle,-90.0,-89.946,-89.9993,0.054,0.0007
0.6417,settle,-90.0,-89.9461,-89.9993,0.0539,0.0007
0.65,settle,-90.0,-89.9463,-89.9993,0.0537,0.0007
0.6583,settle,-90.0,-89.9464,-89.9993,0.0536,0.0007
0.6667,settle,-90.0,-89.9464,-89.9993,0.0536,0.0007
0.675,settle,-90.0,-89.9465,-89.9993,0.0535,0.0007
0.6833,settle,-90.0,-89.9465,-89.9993,0.0535,0.0007
0.6917,settle,-90.0,-89.9466,-89.9993,0.0534,0.0007
0.7,settle,-90.0,-89.9466,-89.9993,0.0534,0.0007
0.7083,settle,-90.0,-89.9467,-89.9993,0.0533,0.0007
0.7167,settle,-90.0,-89.9467,-89.9993,0.0533,0.0007
0.725,settle,-90.0,-89.9467,-89.9993,0.0533,0.0007
0.7333,settle,-90.0,-89.9467,-89.9993,0.0533,0.0007
0.7417,settle,-90.0,-89.9467,-89.9993,0.0533,0.0007
0.75,settle,-90.0,-89.9467,-89.9993,0.0533,0.0007
0.7583,settle,-90.0,-89.9467,-89.9993,0.0533,0.0007
0.7667,settle,-90.0,-89.9466,-89.9993,0.0534,0.0007
0.775,settle,-90.0,-89.9466,-89.9993,0.0534,0.0007
0.7833,settle,-90.0,-89.9466,-89.9993,0.0534,0.0007
0.7917,settle,-90.0,-89.9465,-89.9993,0.0535,0.0007
0.8,settle,-90.0,-89.9465,-89.9993,0.0535,0.0007
0.8083,settle,-90.0,-89.9465,-89.9993,0.0535,0.0007
0.8167,settle,-90.0,-89.9464,-89.9993,0.0536,0.0007
0.825,settle,-90.0,-89.9464,-89.9993,0.0536,0.0007
0.8333,settle,-90.0,-89.9463,-89.9993,0.0537,0.0007
0.8417,settle,-90.0,-89.9463,-89.9993,0.0537,0.0007
0.85,settle,-90.0,-89.9463,-89.9993,0.0537,0.0007
0.8583,settle,-90.0,-89.9462,-89.9993,0.0538,0.0007
0.8667,settle,-90.0,-89.9462,-89.9993,0.0538,0.0007
0.875,settle,-90.0,-89.9461,-89.9993,0.0539,0.0007
0.8833,settle,-90.0,-89.9461,-89.9993,0.0539,0.0007
0.8917,settle,-90.0,-89.9461,-89.9993,0.054,0.0007
0.9,settle,-90.0,-89.946,-89.9993,0.054,0.0007
0.9083,settle,-90.0,-89.946,-89.9993,0.054,0.0007
0.9167,settle,-90.0,-89.9459,-89.9993,0.0541,0.0007
0.925,settle,-90.0,-89.9459,-89.9993,0.0541,0.0007
0.9333,settle,-90.0,-89.9458,-89.9993,0.0542,0.0007
0.9417,settle,-90.0,-89.9458,-89.9993,0.0542,0.0007
0.95,settle,-90.0,-89.9458,-89.9993,0.0542,0.0007
0.9583,settle,-90.0,-89.9458,-89.9993,0.0542,0.0007
0.9667,settle,-90.0,-89.9457,-89.9993,0.0543,0.0007
0.975,settle,-90.0,-89.9457,-89.9993,0.0543,0.0007
0.9833,settle,-90.0,-89.9457,-89.9993,0.0543,0.0007
0.9917,settle,-90.0,-89.9457,-89.9993,0.0543,0.0007
1.0,settle,-90.0,-89.9456,-89.9993,0.0544,0.0007
1.0083,settle,-90.0,-89.9456,-89.9993,0.0544,0.0007
1.0167,settle,-90.0,-89.9456,-89.9993,0.0544,0.0007
1.025,settle,-90.0,-89.9456,-89.9993,0.0544,0.0007
1.0333,settle,-90.0,-89.9456,-89.9993,0.0544,0.0007
1.0417,settle,-90.0,-89.9456,-89.9993,0.0544,0.0007
1.05,settle,-90.0,-89.9456,-89.9993,0.0545,0.0007
1.0583,settle,-90.0,-89.9455,-89.9993,0.0545,0.0007
1.0667,settle,-90.0,-89.9455,-89.9993,0.0545,0.0007
1.075,settle,-90.0,-89.9455,-89.9993,0.0545,0.0007
1.0833,settle,-90.0,-89.9455,-89.9993,0.0545,0.0007
1.0917,settle,-90.0,-89.9455,-89.9993,0.0545,0.0007
1.1,settle,-90.0,-89.9455,-89.9993,0.0545,0.0007
1.1083,settle,-90.0,-89.9455,-89.9993,0.0545,0.0007
1.1167,settle,-90.0,-89.9455,-89.9993,0.0545,0.0007
1.125,settle,-90.0,-89.9455,-89.9993,0.0545,0.0007
1.1333,settle,-90.0,-89.9455,-89.9993,0.0545,0.0007
1.1417,settle,-90.0,-89.9455,-89.9993,0.0545,0.0007
1.15,settle,-90.0,-89.9455,-89.9993,0.0545,0.0007
1.1583,settle,-90.0,-89.9455,-89.9993,0.0545,0.0007
1.1667,settle,-90.0,-89.9455,-89.9993,0.0545,0.0007
1.175,settle,-90.0,-89.9455,-89.9993,0.0545,0.0007
1.1833,settle,-90.0,-89.9456,-89.9993,0.0545,0.0007
1.1917,settle,-90.0,-89.9456,-89.9993,0.0544,0.0007
1.2,settle,-90.0,-89.9456,-89.9993,0.0544,0.0007
1.2083,settle,-90.0,-89.9456,-89.9993,0.0544,0.0007
1.2167,settle,-90.0,-89.9456,-89.9993,0.0544,0.0007
1.225,settle,-90.0,-89.9456,-89.9993,0.0544,0.0007
1.2333,settle,-90.0,-89.9456,-89.9993,0.0544,0.0007
1.2417,settle,-90.0,-89.9456,-89.9993,0.0544,0.0007
1.25,settle,-90.0,-89.9456,-89.9993,0.0544,0.0007
1.2583,settle,-90.0,-89.9456,-89.9993,0.0544,0.0007
1.2667,settle,-90.0,-89.9456,-89.9993,0.0544,0.0007
1.275,settle,-90.0,-89.9456,-89.9993,0.0544,0.0007
1.2833,settle,-90.0,-89.9456,-89.9993,0.0544,0.0007
1.2917,settle,-90.0,-89.9456,-89.9993,0.0544,0.0007
1.3,settle,-90.0,-89.9456,-89.9993,0.0544,0.0007
1.3083,settle,-90.0,-89.9457,-89.9993,0.0543,0.0007
1.3167,settle,-90.0,-89.9457,-89.9993,0.0543,0.0007
1.325,settle,-90.0,-89.9457,-89.9993,0.0543,0.0007
1.3333,settle,-90.0,-89.9457,-89.9993,0.0543,0.0007
1.3417,settle,-90.0,-89.9457,-89.9993,0.0543,0.0007
1.35,settle,-90.0,-89.9457,-89.9993,0.0543,0.0007
1.3583,settle,-90.0,-89.9457,-89.9993,0.0543,0.0007
1.3667,settle,-90.0,-89.9456,-89.9993,0.0544,0.0007
1.375,settle,-90.0,-89.9456,-89.9993,0.0544,0.0007
1.3833,settle,-90.0,-89.9456,-89.9993,0.0544,0.0007
1.3917,settle,-90.0,-89.9456,-89.9993,0.0544,0.0007
1.4,settle,-90.0,-89.9456,-89.9993,0.0544,0.0007
1.4083,settle,-90.0,-89.9456,-89.9993,0.0544,0.0007
1.4167,settle,-90.0,-89.9456,-89.9993,0.0544,0.0007
1.425,settle,-90.0,-89.9456,-89.9993,0.0544,0.0007
1.4333,settle,-90.0,-89.9456,-89.9993,0.0544,0.0007
1.4417,settle,-90.0,-89.9456,-89.9993,0.0544,0.0007
1.45,settle,-90.0,-89.9456,-89.9993,0.0544,0.0007
1.4583,settle,-90.0,-89.9456,-89.9993,0.0544,0.0007
1.4667,settle,-90.0,-89.9456,-89.9993,0.0544,0.0007
1.475,settle,-90.0,-89.9456,-89.9993,0.0544,0.0007
1.4833,settle,-90.0,-89.9456,-89.9993,0.0544,0.0007
1.4917,settle,-90.0,-89.9456,-89.9993,0.0544,0.0007
1.5,settle,-90.0,-89.9456,-89.9993,0.0544,0.0007
1.5083,settle,-90.0,-89.9456,-89.9993,0.0544,0.0007
1.5167,settle,-90.0,-89.9456,-89.9993,0.0544,0.0007
1.525,settle,-90.0,-89.9456,-89.9993,0.0544,0.0007
1.5333,settle,-90.0,-89.9456,-89.9993,0.0544,0.0007
1.5417,settle,-90.0,-89.9456,-89.9993,0.0544,0.0007
1.55,settle,-90.0,-89.9456,-89.9993,0.0544,0.0007
1.5583,settle,-90.0,-89.9456,-89.9993,0.0544,0.0007
1.5667,settle,-90.0,-89.9456,-89.9993,0.0544,0.0007
1.575,settle,-90.0,-89.9456,-89.9993,0.0544,0.0007
1.5833,settle,-90.0,-89.9456,-89.9993,0.0544,0.0007
1.5917,settle,-90.0,-89.9456,-89.9993,0.0544,0.0007
1.6,settle,-90.0,-89.9456,-89.9993,0.0544,0.0007
1.6083,settle,-90.0,-89.9456,-89.9993,0.0544,0.0007
1.6167,settle,-90.0,-89.9456,-89.9993,0.0544,0.0007
1.625,settle,-90.0,-89.9456,-89.9993,0.0544,0.0007
1.6333,settle,-90.0,-89.9456,-89.9993,0.0544,0.0007
1.6417,settle,-90.0,-89.9456,-89.9993,0.0544,0.0007
1.65,settle,-90.0,-89.9456,-89.9993,0.0544,0.0007
1.6583,settle,-90.0,-89.9456,-89.9993,0.0544,0.0007
1.6667,settle,-90.0,-89.9456,-89.9993,0.0544,0.0007
1.675,settle,-90.0,-89.9456,-89.9993,0.0544,0.0007
1.6833,settle,-90.0,-89.9456,-89.9993,0.0544,0.0007
1.6917,settle,-90.0,-89.9456,-89.9993,0.0544,0.0007
1.7,settle,-90.0,-89.9456,-89.9993,0.0544,0.0007
1.7083,settle,-90.0,-89.9456,-89.9993,0.0544,0.0007
1.7167,settle,-90.0,-89.9456,-89.9993,0.0544,0.0007
1.725,settle,-90.0,-89.9456,-89.9993,0.0544,0.0007
1.7333,settle,-90.0,-89.9456,-89.9993,0.0544,0.0007
1.7417,settle,-90.0,-89.9456,-89.9993,0.0544,0.0007
1.75,settle,-90.0,-89.9456,-89.9993,0.0544,0.0007
1.7583,settle,-90.0,-89.9456,-89.9993,0.0544,0.0007
1.7667,settle,-90.0,-89.9456,-89.9993,0.0544,0.0007
1.775,settle,-90.0,-89.9456,-89.9993,0.0544,0.0007
1.7833,settle,-90.0,-89.9456,-89.9993,0.0544,0.0007
1.7917,settle,-90.0,-89.9456,-89.9993,0.0544,0.0007
1.8,settle,-90.0,-89.9456,-89.9993,0.0544,0.0007
1.8083,settle,-90.0,-89.9456,-89.9993,0.0544,0.0007
1.8167,settle,-90.0,-89.9456,-89.9993,0.0544,0.0007
1.825,settle,-90.0,-89.9456,-89.9993,0.0544,0.0007
1.8333,settle,-90.0,-89.9456,-89.9993,0.0544,0.0007
1.8417,settle,-90.0,-89.9456,-89.9993,0.0544,0.0007
1.85,settle,-90.0,-89.9456,-89.9993,0.0544,0.0007
1.8583,settle,-90.0,-89.9456,-89.9993,0.0544,0.0007
1.8667,settle,-90.0,-89.9456,-89.9993,0.0544,0.0007
1.875,settle,-90.0,-89.9456,-89.9993,0.0544,0.0007
1.8833,settle,-90.0,-89.9456,-89.9993,0.0544,0.0007
1.8917,settle,-90.0,-89.9456,-89.9993,0.0544,0.0007
1.9,settle,-90.0,-89.9456,-89.9993,0.0544,0.0007
1.9083,settle,-90.0,-89.9456,-89.9993,0.0544,0.0007
1.9167,settle,-90.0,-89.9456,-89.9993,0.0544,0.0007
1.925,settle,-90.0,-89.9456,-89.9993,0.0544,0.0007
1.9333,settle,-90.0,-89.9456,-89.9993,0.0544,0.0007
1.9417,settle,-90.0,-89.9456,-89.9993,0.0544,0.0007
1.95,settle,-90.0,-89.9456,-89.9993,0.0544,0.0007
1.9583,settle,-90.0,-89.9456,-89.9993,0.0544,0.0007
1.9667,settle,-90.0,-89.9456,-89.9993,0.0544,0.0007
1.975,settle,-90.0,-89.9456,-89.9993,0.0544,0.0007
1.9833,settle,-90.0,-89.9456,-89.9993,0.0544,0.0007
1.9917,settle,-90.0,-89.9456,-89.9993,0.0544,0.0007
2.0,track,-90.0,-89.9456,-89.9993,0.0544,0.0007
2.0083,track,-89.6073,-89.9399,-89.9474,0.3326,0.3401
2.0167,track,-89.215,-89.924,-89.842,0.7091,0.627
2.025,track,-88.8231,-89.8962,-89.6915,1.0731,0.8683
2.0333,track,-88.4321,-89.8552,-89.5031,1.4231,1.071
2.0417,track,-88.0421,-89.7999,-89.283,1.7578,1.2409
2.05,track,-87.6535,-89.7296,-89.0364,2.0761,1.3829
2.0583,track,-87.2665,-89.6434,-88.7675,2.377,1.5011
2.0667,track,-86.8813,-89.541,-88.4804,2.6596,1.599
2.075,track,-86.4983,-89.4218,-88.178,2.9235,1.6797
2.0833,track,-86.1177,-89.2857,-87.8633,3.168,1.7456
2.0917,track,-85.7398,-89.1325,-87.5385,3.3927,1.7987
2.1,track,-85.3647,-88.9623,-87.2057,3.5976,1.841
2.1083,track,-84.9929,-88.7753,-86.8667,3.7824,1.8738
2.1167,track,-84.6245,-88.5716,-86.5229,3.9471,1.8984
2.125,track,-84.2598,-88.3517,-86.1758,4.092,1.916
2.1333,track,-83.8989,-88.116,-85.8263,4.217,1.9273
2.1417,track,-83.5423,-87.865,-85.4756,4.3227,1.9333
2.15,track,-83.1901,-87.5995,-85.1246,4.4093,1.9344
2.1583,track,-82.8426,-87.3199,-84.7739,4.4773,1.9313
2.1667,track,-82.5,-87.0272,-84.4244,4.5272,1.9244
2.175,track,-82.1625,-86.7222,-84.0766,4.5597,1.9141
2.1833,track,-81.8304,-86.4058,-83.7312,4.5754,1.9008
2.1917,track,-81.5039,-86.0788,-83.3885,4.5749,1.8846
2.2,track,-81.1832,-85.7423,-83.0492,4.5591,1.8659
2.2083,track,-80.8686,-85.3973,-82.7135,4.5288,1.845
2.2167,track,-80.5602,-85.0449,-82.382,4.4847,1.8218
2.225,track,-80.2583,-84.686,-82.055,4.4278,1.7967
2.2333,track,-79.963,-84.3219,-81.7328,4.3589,1.7697
2.2417,track,-79.6747,-83.9536,-81.4157,4.2789,1.741
2.25,track,-79.3934,-83.5821,-81.104,4.1887,1.7106
2.2583,track,-79.1194,-83.2086,-80.7981,4.0892,1.6787
2.2667,track,-78.8528,-82.8342,-80.4982,3.9813,1.6454
2.275,track,-78.5939,-82.4598,-80.2045,3.8659,1.6106
2.2833,track,-78.3428,-82.0866,-79.9174,3.7438,1.5745
2.2917,track,-78.0997,-81.7155,-79.6369,3.6158,1.5372
2.3,track,-77.8648,-81.3474,-79.3634,3.4827,1.4986
2.3083,track,-77.6381,-80.9833,-79.097,3.3451,1.4589
2.3167,track,-77.4199,-80.6239,-78.838,3.204,1.418
2.325,track,-77.2104,-80.2702,-78.5865,3.0598,1.3761
2.3333,track,-77.0096,-79.9228,-78.3428,2.9132,1.3332
2.3417,track,-76.8177,-79.5825,-78.107,2.7647,1.2893
2.35,track,-76.6349,-79.2498,-77.8793,2.6149,1.2444
2.3583,track,-76.4612,-78.9254,-77.6599,2.4642,1.1987
2.3667,track,-76.2968,-78.6097,-77.4489,2.3129,1.152
2.375,track,-76.1418,-78.3034,-77.2464,2.1616,1.1046
2.3833,track,-75.9963,-78.0067,-77.0526,2.0104,1.0563
2.3917,track,-75.8604,-77.7201,-76.8677,1.8597,1.0073
2.4,track,-75.7342,-77.4439,-76.6918,1.7097,0.9577
2.4083,track,-75.6177,-77.1783,-76.525,1.5606,0.9073
2.4167,track,-75.5111,-76.9237,-76.3674,1.4126,0.8563
2.425,track,-75.4145,-76.6803,-76.2191,1.2658,0.8046
2.4333,track,-75.3278,-76.4482,-76.0802,1.1204,0.7524
2.4417,track,-75.2512,-76.2275,-75.9509,0.9763,0.6997
2.45,track,-75.1847,-76.0183,-75.8312,0.8336,0.6465
2.4583,track,-75.1283,-75.8208,-75.7212,0.6925,0.5929
2.4667,track,-75.0822,-75.6351,-75.621,0.5529,0.5388
2.475,track,-75.0462,-75.461,-75.5306,0.4148,0.4844
2.4833,track,-75.0206,-75.2988,-75.4501,0.2782,0.4296
2.4917,track,-75.0051,-75.1483,-75.3797,0.1432,0.3745
2.5,track,-75.0,-75.0095,-75.3192,0.0095,0.3192
2.5083,track,-75.0051,-74.8825,-75.2687,0.1227,0.2636
2.5167,track,-75.0206,-74.7671,-75.2284,0.2535,0.2078
2.525,track,-75.0462,-74.6634,-75.1982,0.3829,0.1519
2.5333,track,-75.0822,-74.5712,-75.1781,0.511,0.0959
2.5417,track,-75.1283,-74.4905,-75.1682,0.6379,0.0399
2.55,track,-75.1847,-74.4212,-75.1684,0.7635,0.0162
2.5583,track,-75.2512,-74.3633,-75.1788,0.8879,0.0723
2.5667,track,-75.3278,-74.3166,-75.1994,1.0111,0.1284
2.575,track,-75.4145,-74.2812,-75.2301,1.1332,0.1844
2.5833,track,-75.5111,-74.2569,-75.2709,1.2542,0.2402
2.5917,track,-75.6177,-74.2436,-75.3218,1.3741,0.2959
2.6,track,-75.7342,-74.2413,-75.3827,1.4929,0.3514
2.6083,track,-75.8604,-74.2498,-75.4537,1.6106,0.4067
2.6167,track,-75.9963,-74.2691,-75.5347,1.7272,0.4616
2.625,track,-76.1418,-74.2991,-75.6255,1.8427,0.5163
2.6333,track,-76.2968,-74.3397,-75.7262,1.9571,0.5706
2.6417,track,-76.4612,-74.3908,-75.8367,2.0704,0.6245
2.65,track,-76.6349,-74.4524,-75.9569,2.1825,0.678
2.6583,track,-76.8177,-74.5242,-76.0867,2.2935,0.7311
2.6667,track,-77.0096,-74.6064,-76.226,2.4033,0.7836
2.675,track,-77.2104,-74.6986,-76.3748,2.5118,0.8356
2.6833,track,-77.4199,-74.8009,-76.5329,2.619,0.8871
2.6917,track,-77.6381,-74.9132,-76.7002,2.7249,0.9379
2.7,track,-77.8648,-75.0353,-76.8767,2.8294,0.9881
2.7083,track,-78.0997,-75.1672,-77.0621,2.9325,1.0376
2.7167,track,-78.3428,-75.3088,-77.2564,3.034,1.0864
2.725,track,-78.5939,-75.4599,-77.4594,3.134,1.1345
2.7333,track,-78.8528,-75.6205,-77.6711,3.2323,1.1817
2.7417,track,-79.1194,-75.7904,-77.8912,3.329,1.2282
2.75,track,-79.3934,-75.9696,-78.1195,3.4238,1.2739
2.7583,track,-79.6747,-76.1578,-78.356,3.5169,1.3186
2.7667,track,-79.963,-76.355,-78.6005,3.608,1.3625
2.775,track,-80.2583,-76.5611,-78.8528,3.6972,1.4055
2.7833,track,-80.5602,-76.7759,-79.1128,3.7843,1.4474
2.7917,track,-80.8686,-76.9992,-79.3802,3.8693,1.4884
2.8,track,-81.1832,-77.231,-79.6549,3.9522,1.5284
2.8083,track,-81.5039,-77.4711,-79.9366,4.0328,1.5673
2.8167,track,-81.8304,-77.7194,-80.2253,4.111,1.6051
2.825,track,-82.1625,-77.9756,-80.5207,4.1869,1.6419
2.8333,track,-82.5,-78.2397,-80.8225,4.2603,1.6775
2.8417,track,-82.8426,-78.5114,-81.1307,4.3312,1.7119
2.85,track,-83.1901,-78.7907,-81.4449,4.3994,1.7452
2.8583,track,-83.5423,-79.0773,-81.765,4.465,1.7773
2.8667,track,-83.8989,-79.3711,-82.0908,4.5279,1.8082
2.875,track,-84.2598,-79.6718,-82.4219,4.5879,1.8378
2.8833,track,-84.6245,-79.9793,-82.7583,4.6452,1.8662
2.8917,track,-84.9929,-80.2934,-83.0996,4.6995,1.8933
2.9,track,-85.3647,-80.6139,-83.4457,4.7509,1.9191
2.9083,track,-85.7398,-80.9406,-83.7963,4.7992,1.9435
2.9167,track,-86.1177,-81.2733,-84.1511,4.8444,1.9666
2.925,track,-86.4983,-81.6118,-84.5099,4.8865,1.9884
2.9333,track,-86.8813,-81.9559,-84.8725,4.9254,2.0089
2.9417,track,-87.2665,-82.3055,-85.2386,4.961,2.0279
2.95,track,-87.6535,-82.6601,-85.6079,4.9933,2.0456
2.9583,track,-88.0421,-83.0198,-85.9803,5.0224,2.0618
2.9667,track,-88.4321,-83.3841,-86.3554,5.0479,2.0766
2.975,track,-88.8231,-83.753,-86.7331,5.0701,2.09
2.9833,track,-89.215,-84.1262,-87.113,5.0888,2.102
2.9917,track,-89.6073,-84.5034,-87.4949,5.1039,2.1124
3.0,track,-90.0,-84.8845,-87.8785,5.1155,2.1215
3.0083,track,-90.3927,-85.2692,-88.2636,5.1234,2.1291
3.0167,track,-90.785,-85.6574,-88.6498,5.1277,2.1352
3.025,track,-91.1769,-86.0486,-89.0371,5.1282,2.1398
3.0333,track,-91.5679,-86.4429,-89.4249,5.125,2.143
3.0417,track,-91.9579,-86.8399,-89.8132,5.118,2.1447
3.05,track,-92.3465,-87.2394,-90.2016,5.1071,2.1449
3.0583,track,-92.7335,-87.6413,-90.5899,5.0923,2.1437
3.0667,track,-93.1187,-88.0452,-90.9777,5.0735,2.141
3.075,track,-93.5017,-88.451,-91.3649,5.0507,2.1367
3.0833,track,-93.8823,-88.8584,-91.7512,5.0239,2.1311
3.0917,track,-94.2602,-89.2673,-92.1363,4.9929,2.1239
3.1,track,-94.6353,-89.6774,-92.5199,4.9578,2.1153
3.1083,track,-95.0071,-90.0886,-92.9018,4.9185,2.1053
3.1167,track,-95.3755,-90.5004,-93.2817,4.8751,2.0938
3.125,track,-95.7403,-90.9129,-93.6594,4.8274,2.0809
3.1333,track,-96.1011,-91.3255,-94.0345,4.7755,2.0665
3.1417,track,-96.4577,-91.7382,-94.4069,4.7194,2.0508
3.15,track,-96.8099,-92.1507,-94.7762,4.6592,2.0337
3.1583,track,-97.1574,-92.5626,-95.1423,4.5948,2.0151
3.1667,track,-97.5,-92.9736,-95.5048,4.5264,1.9952
3.175,track,-97.8375,-93.3835,-95.8635,4.4539,1.9739
3.1833,track,-98.1696,-93.792,-96.2183,4.3776,1.9513
3.1917,track,-98.4961,-94.1985,-96.5687,4.2976,1.9274
3.2,track,-98.8168,-94.6029,-96.9146,4.2139,1.9022
3.2083,track,-99.1314,-95.0047,-97.2558,4.1267,1.8757
3.2167,track,-99.4398,-95.4036,-97.592,4.0362,1.8478
3.225,track,-99.7417,-95.7992,-97.923,3.9425,1.8187
3.2333,track,-100.037,-96.191,-98.2485,3.8459,1.7884
3.2417,track,-100.3253,-96.5789,-98.5684,3.7465,1.7569
3.25,track,-100.6066,-96.9622,-98.8824,3.6444,1.7242
3.2583,track,-100.8806,-97.3407,-99.1903,3.5399,1.6903
3.2667,track,-101.1472,-97.714,-99.492,3.4332,1.6552
3.275,track,-101.4061,-98.0817,-99.7871,3.3244,1.619
3.2833,track,-101.6572,-98.4435,-100.0755,3.2136,1.5817
3.2917,track,-101.9003,-98.7991,-100.3569,3.1012,1.5434
3.3,track,-102.1353,-99.1482,-100.6313,2.9871,1.5039
3.3083,track,-102.3619,-99.4903,-100.8984,2.8716,1.4635
3.3167,track,-102.5801,-99.8253,-101.158,2.7548,1.422
3.325,track,-102.7896,-100.1528,-101.41,2.6368,1.3796
3.3333,track,-102.9904,-100.4726,-101.6542,2.5178,1.3362
3.3417,track,-103.1823,-100.7844,-101.8904,2.3978,1.2919
3.35,track,-103.3651,-101.088,-102.1184,2.2771,1.2467
3.3583,track,-103.5388,-101.3832,-102.3381,2.1556,1.2007
3.3667,track,-103.7032,-101.6698,-102.5494,2.0334,1.1538
3.375,track,-103.8582,-101.9475,-102.752,1.9107,1.1062
3.3833,track,-104.0037,-102.2162,-102.9459,1.7875,1.0578
3.3917,track,-104.1396,-102.4757,-103.131,1.6639,1.0087
3.4,track,-104.2658,-102.7259,-103.307,1.5399,0.9588
3.4083,track,-104.3823,-102.9667,-103.4739,1.4156,0.9084
3.4167,track,-104.4889,-103.1978,-103.6316,1.2911,0.8573
3.425,track,-104.5856,-103.4192,-103.78,1.1663,0.8056
3.4333,track,-104.6722,-103.6308,-103.9189,1.0414,0.7533
3.4417,track,-104.7488,-103.8324,-104.0483,0.9164,0.7006
3.45,track,-104.8153,-104.024,-104.168,0.7913,0.6473
3.4583,track,-104.8717,-104.2055,-104.2781,0.6661,0.5936
3.4667,track,-104.9178,-104.3769,-104.3783,0.541,0.5395
3.475,track,-104.9538,-104.5379,-104.4687,0.4158,0.485
3.4833,track,-104.9794,-104.6887,-104.5492,0.2908,0.4302
3.4917,track,-104.9949,-104.829,-104.6197,0.1658,0.3751
3.5,track,-105.0,-104.959,-104.6802,0.041,0.3198
3.5083,track,-104.9949,-105.0785,-104.7307,0.0836,0.2642
3.5167,track,-104.9794,-105.1875,-104.771,0.208,0.2084
3.525,track,-104.9538,-105.2859,-104.8012,0.3322,0.1525
3.5333,track,-104.9178,-105.3739,-104.8213,0.456,0.0965
3.5417,track,-104.8717,-105.4512,-104.8313,0.5796,0.0404
3.55,track,-104.8153,-105.518,-104.831,0.7027,0.0157
3.5583,track,-104.7488,-105.5742,-104.8206,0.8254,0.0718
3.5667,track,-104.6722,-105.6199,-104.8001,0.9477,0.1279
3.575,track,-104.5856,-105.6549,-104.7694,1.0694,0.1839
3.5833,track,-104.4889,-105.6794,-104.7286,1.1905,0.2397
3.5917,track,-104.3823,-105.6933,-104.6777,1.311,0.2954
3.6,track,-104.2658,-105.6967,-104.6167,1.4308,0.3509
3.6083,track,-104.1396,-105.6895,-104.5458,1.5499,0.4061
3.6167,track,-104.0037,-105.6718,-104.4648,1.6681,0.4611
3.625,track,-103.8582,-105.6437,-104.374,1.7855,0.5158
3.6333,track,-103.7032,-105.6052,-104.2733,1.902,0.5701
3.6417,track,-103.5388,-105.5562,-104.1628,2.0174,0.624
3.65,track,-103.3651,-105.4969,-104.0426,2.1318,0.6775
3.6583,track,-103.1823,-105.4274,-103.9128,2.2451,0.7305
3.6667,track,-102.9904,-105.3476,-103.7734,2.3572,0.7831
3.675,track,-102.7896,-105.2577,-103.6247,2.4681,0.8351
3.6833,track,-102.5801,-105.1576,-103.4666,2.5776,0.8865
3.6917,track,-102.3619,-105.0476,-103.2992,2.6857,0.9373
3.7,track,-102.1353,-104.9276,-103.1228,2.7923,0.9875
3.7083,track,-101.9003,-104.7978,-102.9373,2.8975,1.037
3.7167,track,-101.6572,-104.6582,-102.743,3.001,1.0858
3.725,track,-101.4061,-104.5089,-102.54,3.1028,1.1339
3.7333,track,-101.1472,-104.35,-102.3283,3.2029,1.1811
3.7417,track,-100.8806,-104.1817,-102.1082,3.3011,1.2276
3.75,track,-100.6066,-104.0041,-101.8799,3.3975,1.2733
3.7583,track,-100.3253,-103.8172,-101.6433,3.4919,1.318
3.7667,track,-100.037,-103.6212,-101.3988,3.5842,1.3619
3.775,track,-99.7417,-103.4162,-101.1465,3.6745,1.4048
3.7833,track,-99.4398,-103.2024,-100.8865,3.7626,1.4467
3.7917,track,-99.1314,-102.9799,-100.6191,3.8485,1.4877
3.8,track,-98.8168,-102.7488,-100.3444,3.932,1.5276
3.8083,track,-98.4961,-102.5093,-100.0626,4.0132,1.5665
3.8167,track,-98.1696,-102.2616,-99.774,4.092,1.6044
3.825,track,-97.8375,-102.0057,-99.4786,4.1682,1.6411
3.8333,track,-97.5,-101.7419,-99.1767,4.2419,1.6767
3.8417,track,-97.1574,-101.4703,-98.8685,4.3129,1.7111
3.85,track,-96.8099,-101.1911,-98.5543,4.3813,1.7444
3.8583,track,-96.4577,-100.9046,-98.2342,4.4469,1.7765
3.8667,track,-96.1011,-100.6107,-97.9085,4.5097,1.8074
3.875,track,-95.7403,-100.3098,-97.5773,4.5696,1.837
3.8833,track,-95.3755,-100.0021,-97.2409,4.6266,1.8654
3.8917,track,-95.0071,-99.6877,-96.8995,4.6806,1.8924
3.9,track,-94.6353,-99.3668,-96.5534,4.7315,1.9182
3.9083,track,-94.2602,-99.0396,-96.2029,4.7794,1.9426
3.9167,track,-93.8823,-98.7064,-95.848,4.8241,1.9657
3.925,track,-93.5017,-98.3673,-95.4892,4.8656,1.9875
3.9333,track,-93.1187,-98.0225,-95.1266,4.9038,2.0079
3.9417,track,-92.7335,-97.6723,-94.7605,4.9388,2.0269
3.95,track,-92.3465,-97.3169,-94.3911,4.9704,2.0445
3.9583,track,-91.9579,-96.9564,-94.0186,4.9985,2.0607
3.9667,track,-91.5679,-96.5911,-93.6435,5.0232,2.0755
3.975,track,-91.1769,-96.2213,-93.2658,5.0444,2.0889
3.9833,track,-90.785,-95.847,-92.8859,5.062,2.1008
3.9917,track,-90.3927,-95.4686,-92.5039,5.0759,2.1113
4.0,track,-90.0,-95.0862,-92.1203,5.0862,2.1203
4.0083,track,-89.6073,-94.7,-91.7352,5.0927,2.1278
4.0167,track,-89.215,-94.3103,-91.3489,5.0954,2.1339
4.025,track,-88.8231,-93.9173,-90.9616,5.0942,2.1385
4.0333,track,-88.4321,-93.5212,-90.5737,5.0891,2.1417
4.0417,track,-88.0421,-93.1221,-90.1854,5.08,2.1433
4.05,track,-87.6535,-92.7203,-89.797,5.0668,2.1435
4.0583,track,-87.2665,-92.3159,-89.4087,5.0495,2.1422
4.0667,track,-86.8813,-91.9093,-89.0208,5.028,2.1395
4.075,track,-86.4983,-91.5006,-88.6336,5.0023,2.1353
4.0833,track,-86.1177,-91.09,-88.2473,4.9723,2.1296
4.0917,track,-85.7398,-90.6778,-87.8622,4.938,2.1225
4.1,track,-85.3647,-90.2641,-87.4786,4.8994,2.1139
4.1083,track,-84.9929,-89.8494,-87.0967,4.8565,2.1038
4.1167,track,-84.6245,-89.4337,-86.7169,4.8092,2.0924
4.125,track,-84.2598,-89.0175,-86.3393,4.7577,2.0795
4.1333,track,-83.8989,-88.6009,-85.9642,4.702,2.0652
4.1417,track,-83.5423,-88.1844,-85.5918,4.6421,2.0495
4.15,track,-83.1901,-87.7682,-85.2225,4.5781,2.0324
4.1583,track,-82.8426,-87.3528,-84.8565,4.5101,2.0139
4.1667,track,-82.5,-86.9383,-84.494,4.4383,1.994
4.175,track,-82.1625,-86.5253,-84.1353,4.3628,1.9728
4.1833,track,-81.8304,-86.1141,-83.7807,4.2837,1.9502
4.1917,track,-81.5039,-85.7051,-83.4303,4.2012,1.9264
4.2,track,-81.1832,-85.2987,-83.0844,4.1155,1.9012
4.2083,track,-80.8686,-84.8953,-82.7433,4.0267,1.8747
4.2167,track,-80.5602,-84.4952,-82.4071,3.935,1.8469
4.225,track,-80.2583,-84.0989,-82.0761,3.8406,1.8179
4.2333,track,-79.963,-83.7068,-81.7506,3.7437,1.7876
4.2417,track,-79.6747,-83.3191,-81.4308,3.6445,1.7561
4.25,track,-79.3934,-82.9364,-81.1168,3.543,1.7234
4.2583,track,-79.1194,-82.5588,-80.8088,3.4395,1.6895
4.2667,track,-78.8528,-82.1869,-80.5073,3.3341,1.6544
4.275,track,-78.5939,-81.8209,-80.2122,3.227,1.6182
4.2833,track,-78.3428,-81.4611,-79.9238,3.1183,1.581
4.2917,track,-78.0997,-81.1078,-79.6423,3.0081,1.5426
4.3,track,-77.8648,-80.7614,-79.3679,2.8967,1.5032
4.3083,track,-77.6381,-80.4221,-79.1009,2.784,1.4627
4.3167,track,-77.4199,-80.0901,-78.8412,2.6701,1.4213
4.325,track,-77.2104,-79.7657,-78.5893,2.5553,1.3789
4.3333,track,-77.0096,-79.4491,-78.3451,2.4395,1.3355
4.3417,track,-76.8177,-79.1406,-78.109,2.3229,1.2913
4.35,track,-76.6349,-78.8404,-77.881,2.2055,1.2461
4.3583,track,-76.4612,-78.5486,-77.6613,2.0874,1.2
4.3667,track,-76.2968,-78.2654,-77.45,1.9686,1.1532
4.375,track,-76.1418,-77.991,-77.2474,1.8492,1.1056
4.3833,track,-75.9963,-77.7256,-77.0535,1.7293,1.0572
4.3917,track,-75.8604,-77.4693,-76.8684,1.6089,1.0081
4.4,track,-75.7342,-77.2222,-76.6924,1.488,0.9582
4.4083,track,-75.6177,-76.9845,-76.5255,1.3668,0.9078
4.4167,track,-75.5111,-76.7563,-76.3678,1.2452,0.8566
4.425,track,-75.4145,-76.5377,-76.2194,1.1232,0.805
4.4333,track,-75.3278,-76.3288,-76.0805,1.001,0.7527
4.4417,track,-75.2512,-76.1297,-75.9512,0.8785,0.7
4.45,track,-75.1847,-75.9404,-75.8314,0.7557,0.6467
4.4583,track,-75.1283,-75.7612,-75.7214,0.6328,0.5931
4.4667,track,-75.0822,-75.592,-75.6211,0.5098,0.539
4.475,track,-75.0462,-75.4328,-75.5307,0.3866,0.4845
4.4833,track,-75.0206,-75.2839,-75.4503,0.2634,0.4297
4.4917,track,-75.0051,-75.1452,-75.3797,0.1401,0.3746
4.5,track,-75.0,-75.0168,-75.3192,0.0168,0.3192
4.5083,track,-75.0051,-74.8987,-75.2688,0.1065,0.2637
4.5167,track,-75.0206,-74.791,-75.2284,0.2296,0.2079
4.525,track,-75.0462,-74.6937,-75.1982,0.3525,0.152
4.5333,track,-75.0822,-74.6068,-75.1781,0.4754,0.096
4.5417,track,-75.1283,-74.5303,-75.1682,0.598,0.0399
4.55,track,-75.1847,-74.4644,-75.1685,0.7203,0.0162
4.5583,track,-75.2512,-74.4089,-75.1789,0.8423,0.0723
4.5667,track,-75.3278,-74.3639,-75.1994,0.9639,0.1284
4.575,track,-75.4145,-74.3294,-75.2301,1.0851,0.1844
4.5833,track,-75.5111,-74.3054,-75.2709,1.2057,0.2402
4.5917,track,-75.6177,-74.2919,-75.3218,1.3258,0.2959
4.6,track,-75.7342,-74.2889,-75.3827,1.4453,0.3514
4.6083,track,-75.8604,-74.2964,-75.4537,1.564,0.4067
4.6167,track,-75.9963,-74.3142,-75.5347,1.6821,0.4616
4.625,track,-76.1418,-74.3425,-75.6255,1.7993,0.5163
4.6333,track,-76.2968,-74.3812,-75.7262,1.9156,0.5706
4.6417,track,-76.4612,-74.4302,-75.8367,2.031,0.6245
4.65,track,-76.6349,-74.4895,-75.9569,2.1454,0.678
4.6583,track,-76.8177,-74.559,-76.0867,2.2587,0.7311
4.6667,track,-77.0096,-74.6388,-76.226,2.3709,0.7836
4.675,track,-77.2104,-74.7286,-76.3748,2.4818,0.8356
4.6833,track,-77.4199,-74.8285,-76.5329,2.5914,0.8871
4.6917,track,-77.6381,-74.9384,-76.7002,2.6997,0.9379
4.7,track,-77.8648,-75.0582,-76.8767,2.8065,0.9881
4.7083,track,-78.0997,-75.1879,-77.0621,2.9118,1.0376
4.7167,track,-78.3428,-75.3273,-77.2564,3.0155,1.0864
4.725,track,-78.5939,-75.4763,-77.4594,3.1176,1.1345
4.7333,track,-78.8528,-75.6349,-77.6711,3.2179,1.1817
4.7417,track,-79.1194,-75.803,-77.8912,3.3164,1.2282
4.75,track,-79.3934,-75.9804,-78.1195,3.413,1.2739
4.7583,track,-79.6747,-76.167,-78.356,3.5077,1.3186
4.7667,track,-79.963,-76.3627,-78.6005,3.6004,1.3625
4.775,track,-80.2583,-76.5673,-78.8528,3.6909,1.4055
4.7833,track,-80.5602,-76.7808,-79.1128,3.7794,1.4474
4.7917,track,-80.8686,-77.003,-79.3802,3.8656,1.4884
4.8,track,-81.1832,-77.2337,-79.6549,3.9495,1.5284
4.8083,track,-81.5039,-77.4729,-79.9366,4.031,1.5673
4.8167,track,-81.8304,-77.7203,-80.2253,4.1101,1.6051
4.825,track,-82.1625,-77.9758,-80.5207,4.1867,1.6419
4.8333,track,-82.5,-78.2392,-80.8225,4.2608,1.6775
4.8417,track,-82.8426,-78.5104,-81.1307,4.3322,1.7119
4.85,track,-83.1901,-78.7891,-81.4449,4.401,1.7452
4.8583,track,-83.5423,-79.0753,-81.765,4.467,1.7773
4.8667,track,-83.8989,-79.3687,-82.0908,4.5302,1.8082
4.875,track,-84.2598,-79.6691,-82.4219,4.5906,1.8378
4.8833,track,-84.6245,-79.9764,-82.7583,4.6481,1.8662
4.8917,track,-84.9929,-80.2903,-83.0996,4.7026,1.8933
4.9,track,-85.3647,-80.6107,-83.4457,4.754,1.9191
4.9083,track,-85.7398,-80.9374,-83.7963,4.8024,1.9435
4.9167,track,-86.1177,-81.2701,-84.1511,4.8476,1.9666
4.925,track,-86.4983,-81.6086,-84.5099,4.8897,1.9884
4.9333,track,-86.8813,-81.9527,-84.8725,4.9286,2.0089
4.9417,track,-87.2665,-82.3023,-85.2386,4.9642,2.0279
4.95,track,-87.6535,-82.6571,-85.6079,4.9964,2.0456
4.9583,track,-88.0421,-83.0168,-85.9803,5.0253,2.0618
4.9667,track,-88.4321,-83.3813,-86.3554,5.0508,2.0766
4.975,track,-88.8231,-83.7503,-86.7331,5.0728,2.09
4.9833,track,-89.215,-84.1236,-87.113,5.0914,2.102
4.9917,track,-89.6073,-84.501,-87.4949,5.1064,2.1124
5.0,track,-90.0,-84.8822,-87.8785,5.1178,2.1215
5.0083,track,-90.3927,-85.2671,-88.2636,5.1256,2.1291
5.0167,track,-90.785,-85.6553,-88.6498,5.1297,2.1352
5.025,track,-91.1769,-86.0468,-89.0371,5.1301,2.1398
5.0333,track,-91.5679,-86.4412,-89.4249,5.1267,2.143
5.0417,track,-91.9579,-86.8384,-89.8132,5.1195,2.1447
5.05,track,-92.3465,-87.238,-90.2016,5.1085,2.1449
5.0583,track,-92.7335,-87.64,-90.5899,5.0935,2.1437
5.0667,track,-93.1187,-88.0441,-90.9777,5.0746,2.141
5.075,track,-93.5017,-88.45,-91.3649,5.0517,2.1367
5.0833,track,-93.8823,-88.8576,-91.7512,5.0247,2.1311
5.0917,track,-94.2602,-89.2666,-92.1363,4.9936,2.1239
5.1,track,-94.6353,-89.6768,-92.5199,4.9584,2.1153
5.1083,track,-95.0071,-90.0881,-92.9018,4.9191,2.1053
5.1167,track,-95.3755,-90.5,-93.2817,4.8755,2.0938
5.125,track,-95.7403,-90.9125,-93.6594,4.8277,2.0809
5.1333,track,-96.1011,-91.3253,-94.0345,4.7758,2.0665
5.1417,track,-96.4577,-91.7381,-94.4069,4.7196,2.0508
5.15,track,-96.8099,-92.1506,-94.7762,4.6592,2.0337
5.1583,track,-97.1574,-92.5626,-95.1423,4.5948,2.0151
5.1667,track,-97.5,-92.9737,-95.5048,4.5263,1.9952
5.175,track,-97.8375,-93.3836,-95.8635,4.4539,1.9739
5.1833,track,-98.1696,-93.7921,-96.2183,4.3775,1.9513
5.1917,track,-98.4961,-94.1987,-96.5687,4.2974,1.9274
5.2,track,-98.8168,-94.6031,-96.9146,4.2137,1.9022
5.2083,track,-99.1314,-95.005,-97.2558,4.1265,1.8757
5.2167,track,-99.4398,-95.4039,-97.592,4.0359,1.8478
5.225,track,-99.7417,-95.7995,-97.923,3.9423,1.8187
5.2333,track,-100.037,-96.1914,-98.2485,3.8456,1.7884
5.2417,track,-100.3253,-96.5792,-98.5684,3.7462,1.7569
5.25,track,-100.6066,-96.9625,-98.8824,3.6441,1.7242
5.2583,track,-100.8806,-97.341,-99.1903,3.5396,1.6903
5.2667,track,-101.1472,-97.7143,-99.492,3.4329,1.6552
5.275,track,-101.4061,-98.082,-99.7871,3.3241,1.619
5.2833,track,-101.6572,-98.4439,-100.0755,3.2133,1.5817
5.2917,track,-101.9003,-98.7995,-100.3569,3.1009,1.5434
5.3,track,-102.1353,-99.1485,-100.6313,2.9868,1.5039
5.3083,track,-102.3619,-99.4906,-100.8984,2.8713,1.4635
5.3167,track,-102.5801,-99.8256,-101.158,2.7545,1.422
5.325,track,-102.7896,-100.1531,-101.41,2.6365,1.3796
5.3333,track,-102.9904,-100.4729,-101.6542,2.5175,1.3362
5.3417,track,-103.1823,-100.7847,-101.8904,2.3976,1.2919
5.35,track,-103.3651,-101.0883,-102.1184,2.2768,1.2467
5.3583,track,-103.5388,-101.3834,-102.3381,2.1554,1.2007
5.3667,track,-103.7032,-101.67,-102.5494,2.0332,1.1538
5.375,track,-103.8582,-101.9477,-102.752,1.9105,1.1062
5.3833,track,-104.0037,-102.2164,-102.9459,1.7874,1.0578
5.3917,track,-104.1396,-102.4759,-103.131,1.6638,1.0087
5.4,track,-104.2658,-102.7261,-103.307,1.5398,0.9588
5.4083,track,-104.3823,-102.9668,-103.4739,1.4155,0.9084
5.4167,track,-104.4889,-103.1979,-103.6316,1.2909,0.8573
5.425,track,-104.5856,-103.4194,-103.78,1.1662,0.8056
5.4333,track,-104.6722,-103.6309,-103.9189,1.0413,0.7533
5.4417,track,-104.7488,-103.8325,-104.0483,0.9163,0.7006
5.45,track,-104.8153,-104.0241,-104.168,0.7912,0.6473
5.4583,track,-104.8717,-104.2056,-104.2781,0.666,0.5936
5.4667,track,-104.9178,-104.3769,-104.3783,0.5409,0.5395
5.475,track,-104.9538,-104.538,-104.4687,0.4158,0.485
5.4833,track,-104.9794,-104.6887,-104.5492,0.2907,0.4302
5.4917,track,-104.9949,-104.8291,-104.6197,0.1658,0.3751
5.5,track,-105.0,-104.959,-104.6802,0.041,0.3198
5.5083,track,-104.9949,-105.0785,-104.7307,0.0836,0.2642
5.5167,track,-104.9794,-105.1875,-104.771,0.208,0.2084
5.525,track,-104.9538,-105.2859,-104.8012,0.3322,0.1525
5.5333,track,-104.9178,-105.3739,-104.8213,0.456,0.0965
5.5417,track,-104.8717,-105.4512,-104.8313,0.5796,0.0404
5.55,track,-104.8153,-105.518,-104.831,0.7027,0.0157
5.5583,track,-104.7488,-105.5742,-104.8206,0.8254,0.0718
5.5667,track,-104.6722,-105.6199,-104.8001,0.9477,0.1279
5.575,track,-104.5856,-105.6549,-104.7694,1.0694,0.1839
5.5833,track,-104.4889,-105.6794,-104.7286,1.1905,0.2397
5.5917,track,-104.3823,-105.6933,-104.6777,1.311,0.2954
5.6,track,-104.2658,-105.6966,-104.6167,1.4308,0.3509
5.6083,track,-104.1396,-105.6895,-104.5458,1.5498,0.4061
5.6167,track,-104.0037,-105.6718,-104.4648,1.6681,0.4611
5.625,track,-103.8582,-105.6437,-104.374,1.7855,0.5158
5.6333,track,-103.7032,-105.6051,-104.2733,1.9019,0.5701
5.6417,track,-103.5388,-105.5562,-104.1628,2.0174,0.624
5.65,track,-103.3651,-105.4969,-104.0426,2.1318,0.6775
5.6583,track,-103.1823,-105.4274,-103.9128,2.2451,0.7305
5.6667,track,-102.9904,-105.3476,-103.7734,2.3572,0.7831
5.675,track,-102.7896,-105.2576,-103.6247,2.468,0.8351
5.6833,track,-102.5801,-105.1576,-103.4666,2.5775,0.8865
5.6917,track,-102.3619,-105.0476,-103.2992,2.6857,0.9373
5.7,track,-102.1353,-104.9276,-103.1228,2.7923,0.9875
5.7083,track,-101.9003,-104.7978,-102.9373,2.8974,1.037
5.7167,track,-101.6572,-104.6581,-102.743,3.001,1.0858
5.725,track,-101.4061,-104.5089,-102.54,3.1028,1.1339
5.7333,track,-101.1472,-104.35,-102.3283,3.2029,1.1811
5.7417,track,-100.8806,-104.1817,-102.1082,3.3011,1.2276
5.75,track,-100.6066,-104.0041,-101.8799,3.3975,1.2733
5.7583,track,-100.3253,-103.8172,-101.6433,3.4919,1.318
5.7667,track,-100.037,-103.6212,-101.3988,3.5842,1.3619
5.775,track,-99.7417,-103.4162,-101.1465,3.6745,1.4048
5.7833,track,-99.4398,-103.2024,-100.8865,3.7626,1.4467
5.7917,track,-99.1314,-102.9799,-100.6191,3.8485,1.4877
5.8,track,-98.8168,-102.7488,-100.3444,3.932,1.5276
5.8083,track,-98.4961,-102.5093,-100.0626,4.0132,1.5665
5.8167,track,-98.1696,-102.2616,-99.774,4.092,1.6044
5.825,track,-97.8375,-102.0057,-99.4786,4.1682,1.6411
5.8333,track,-97.5,-101.7419,-99.1767,4.2419,1.6767
5.8417,track,-97.1574,-101.4703,-98.8685,4.3129,1.7111
5.85,track,-96.8099,-101.1911,-98.5543,4.3813,1.7444
5.8583,track,-96.4577,-100.9046,-98.2342,4.4469,1.7765
5.8667,track,-96.1011,-100.6107,-97.9085,4.5097,1.8074
5.875,track,-95.7403,-100.3098,-97.5773,4.5696,1.837
5.8833,track,-95.3755,-100.0021,-97.2409,4.6266,1.8654
5.8917,track,-95.0071,-99.6877,-96.8995,4.6806,1.8924
5.9,track,-94.6353,-99.3668,-96.5534,4.7315,1.9182
5.9083,track,-94.2602,-99.0396,-96.2029,4.7794,1.9426
5.9167,track,-93.8823,-98.7064,-95.848,4.8241,1.9657
5.925,track,-93.5017,-98.3673,-95.4892,4.8656,1.9875
5.9333,track,-93.1187,-98.0225,-95.1266,4.9038,2.0079
5.9417,track,-92.7335,-97.6723,-94.7605,4.9388,2.0269
5.95,track,-92.3465,-97.3169,-94.3911,4.9704,2.0445
5.9583,track,-91.9579,-96.9564,-94.0186,4.9985,2.0607
5.9667,track,-91.5679,-96.5911,-93.6435,5.0232,2.0755
5.975,track,-91.1769,-96.2213,-93.2658,5.0444,2.0889
5.9833,track,-90.785,-95.847,-92.8859,5.062,2.1008
5.9917,track,-90.3927,-95.4686,-92.5039,5.0759,2.1113
6.0,track,-90.0,-95.0862,-92.1203,5.0862,2.1203
6.0083,track,-89.6073,-94.7,-91.7352,5.0927,2.1278
6.0167,track,-89.215,-94.3103,-91.3489,5.0954,2.1339
6.025,track,-88.8231,-93.9173,-90.9616,5.0942,2.1385
6.0333,track,-88.4321,-93.5212,-90.5737,5.0891,2.1417
6.0417,track,-88.0421,-93.1221,-90.1854,5.08,2.1433
6.05,track,-87.6535,-92.7203,-89.797,5.0668,2.1435
6.0583,track,-87.2665,-92.3159,-89.4087,5.0495,2.1422
6.0667,track,-86.8813,-91.9093,-89.0208,5.028,2.1395
6.075,track,-86.4983,-91.5006,-88.6336,5.0023,2.1353
6.0833,track,-86.1177,-91.09,-88.2473,4.9723,2.1296
6.0917,track,-85.7398,-90.6778,-87.8622,4.938,2.1225
6.1,track,-85.3647,-90.2641,-87.4786,4.8994,2.1139
6.1083,track,-84.9929,-89.8494,-87.0967,4.8565,2.1038
6.1167,track,-84.6245,-89.4337,-86.7169,4.8092,2.0924
6.125,track,-84.2598,-89.0175,-86.3393,4.7577,2.0795
6.1333,track,-83.8989,-88.6009,-85.9642,4.702,2.0652
6.1417,track,-83.5423,-88.1844,-85.5918,4.6421,2.0495
6.15,track,-83.1901,-87.7682,-85.2225,4.5781,2.0324
6.1583,track,-82.8426,-87.3528,-84.8565,4.5101,2.0139
6.1667,track,-82.5,-86.9383,-84.494,4.4383,1.994
6.175,track,-82.1625,-86.5253,-84.1353,4.3628,1.9728
6.1833,track,-81.8304,-86.1141,-83.7807,4.2837,1.9502
6.1917,track,-81.5039,-85.7051,-83.4303,4.2012,1.9264
6.2,track,-81.1832,-85.2987,-83.0844,4.1155,1.9012
6.2083,track,-80.8686,-84.8953,-82.7433,4.0267,1.8747
6.2167,track,-80.5602,-84.4952,-82.4071,3.935,1.8469
6.225,track,-80.2583,-84.0989,-82.0761,3.8406,1.8179
6.2333,track,-79.963,-83.7068,-81.7506,3.7437,1.7876
6.2417,track,-79.6747,-83.3191,-81.4308,3.6445,1.7561
6.25,track,-79.3934,-82.9364,-81.1168,3.543,1.7234
6.2583,track,-79.1194,-82.5588,-80.8088,3.4395,1.6895
6.2667,track,-78.8528,-82.1869,-80.5073,3.3341,1.6544
6.275,track,-78.5939,-81.8209,-80.2122,3.227,1.6182
6.2833,track,-78.3428,-81.4611,-79.9238,3.1183,1.581
6.2917,track,-78.0997,-81.1078,-79.6423,3.0081,1.5426
6.3,track,-77.8648,-80.7614,-79.3679,2.8967,1.5032
6.3083,track,-77.6381,-80.4221,-79.1009,2.784,1.4627
6.3167,track,-77.4199,-80.0901,-78.8412,2.6701,1.4213
6.325,track,-77.2104,-79.7657,-78.5893,2.5553,1.3789
6.3333,track,-77.0096,-79.4491,-78.3451,2.4395,1.3355
6.3417,track,-76.8177,-79.1406,-78.109,2.3229,1.2913
6.35,track,-76.6349,-78.8404,-77.881,2.2055,1.2461
6.3583,track,-76.4612,-78.5486,-77.6613,2.0874,1.2
6.3667,track,-76.2968,-78.2654,-77.45,1.9686,1.1532
6.375,track,-76.1418,-77.991,-77.2474,1.8492,1.1056
6.3833,track,-75.9963,-77.7256,-77.0535,1.7293,1.0572
6.3917,track,-75.8604,-77.4693,-76.8684,1.6089,1.0081
6.4,track,-75.7342,-77.2222,-76.6924,1.488,0.9582
6.4083,track,-75.6177,-76.9845,-76.5255,1.3668,0.9078
6.4167,track,-75.5111,-76.7563,-76.3678,1.2452,0.8566
6.425,track,-75.4145,-76.5377,-76.2194,1.1232,0.805
6.4333,track,-75.3278,-76.3288,-76.0805,1.001,0.7527
6.4417,track,-75.2512,-76.1297,-75.9512,0.8785,0.7
6.45,track,-75.1847,-75.9404,-75.8314,0.7557,0.6467
6.4583,track,-75.1283,-75.7612,-75.7214,0.6328,0.5931
6.4667,track,-75.0822,-75.592,-75.6211,0.5098,0.539
6.475,track,-75.0462,-75.4328,-75.5307,0.3866,0.4845
6.4833,track,-75.0206,-75.2839,-75.4503,0.2634,0.4297
6.4917,track,-75.0051,-75.1452,-75.3797,0.1401,0.3746
6.5,track,-75.0,-75.0168,-75.3192,0.0168,0.3192
6.5083,track,-75.0051,-74.8987,-75.2688,0.1065,0.2637
6.5167,track,-75.0206,-74.791,-75.2284,0.2296,0.2079
6.525,track,-75.0462,-74.6937,-75.1982,0.3525,0.152
6.5333,track,-75.0822,-74.6068,-75.1781,0.4754,0.096
6.5417,track,-75.1283,-74.5303,-75.1682,0.598,0.0399
6.55,track,-75.1847,-74.4644,-75.1685,0.7203,0.0162
6.5583,track,-75.2512,-74.4089,-75.1789,0.8423,0.0723
6.5667,track,-75.3278,-74.3639,-75.1994,0.9639,0.1284
6.575,track,-75.4145,-74.3294,-75.2301,1.0851,0.1844
6.5833,track,-75.5111,-74.3054,-75.2709,1.2057,0.2402
6.5917,track,-75.6177,-74.2919,-75.3218,1.3258,0.2959
6.6,track,-75.7342,-74.2889,-75.3827,1.4453,0.3514
6.6083,track,-75.8604,-74.2964,-75.4537,1.564,0.4067
6.6167,track,-75.9963,-74.3142,-75.5347,1.6821,0.4616
6.625,track,-76.1418,-74.3425,-75.6255,1.7993,0.5163
6.6333,track,-76.2968,-74.3812,-75.7262,1.9156,0.5706
6.6417,track,-76.4612,-74.4302,-75.8367,2.031,0.6245
6.65,track,-76.6349,-74.4895,-75.9569,2.1454,0.678
6.6583,track,-76.8177,-74.559,-76.0867,2.2587,0.7311
6.6667,track,-77.0096,-74.6388,-76.226,2.3709,0.7836
6.675,track,-77.2104,-74.7286,-76.3748,2.4818,0.8356
6.6833,track,-77.4199,-74.8285,-76.5329,2.5914,0.8871
6.6917,track,-77.6381,-74.9384,-76.7002,2.6997,0.9379
6.7,track,-77.8648,-75.0582,-76.8767,2.8065,0.9881
6.7083,track,-78.0997,-75.1879,-77.0621,2.9118,1.0376
6.7167,track,-78.3428,-75.3273,-77.2564,3.0155,1.0864
6.725,track,-78.5939,-75.4763,-77.4594,3.1176,1.1345
6.7333,track,-78.8528,-75.6349,-77.6711,3.2179,1.1817
6.7417,track,-79.1194,-75.803,-77.8912,3.3164,1.2282
6.75,track,-79.3934,-75.9804,-78.1195,3.413,1.2739
6.7583,track,-79.6747,-76.167,-78.356,3.5077,1.3186
6.7667,track,-79.963,-76.3627,-78.6005,3.6004,1.3625
6.775,track,-80.2583,-76.5673,-78.8528,3.6909,1.4055
6.7833,track,-80.5602,-76.7808,-79.1128,3.7794,1.4474
6.7917,track,-80.8686,-77.003,-79.3802,3.8656,1.4884
6.8,track,-81.1832,-77.2337,-79.6549,3.9495,1.5284
6.8083,track,-81.5039,-77.4729,-79.9366,4.031,1.5673
6.8167,track,-81.8304,-77.7203,-80.2253,4.1101,1.6051
6.825,track,-82.1625,-77.9758,-80.5207,4.1867,1.6419
6.8333,track,-82.5,-78.2392,-80.8225,4.2608,1.6775
6.8417,track,-82.8426,-78.5104,-81.1307,4.3322,1.7119
6.85,track,-83.1901,-78.7891,-81.4449,4.401,1.7452
6.8583,track,-83.5423,-79.0753,-81.765,4.467,1.7773
6.8667,track,-83.8989,-79.3687,-82.0908,4.5302,1.8082
6.875,track,-84.2598,-79.6691,-82.4219,4.5906,1.8378
6.8833,track,-84.6245,-79.9764,-82.7583,4.6481,1.8662
6.8917,track,-84.9929,-80.2903,-83.0996,4.7026,1.8933
6.9,track,-85.3647,-80.6107,-83.4457,4.754,1.9191
6.9083,track,-85.7398,-80.9374,-83.7963,4.8024,1.9435
6.9167,track,-86.1177,-81.2701,-84.1511,4.8476,1.9666
6.925,track,-86.4983,-81.6086,-84.5099,4.8897,1.9884
6.9333,track,-86.8813,-81.9527,-84.8725,4.9286,2.0089
6.9417,track,-87.2665,-82.3023,-85.2386,4.9642,2.0279
6.95,track,-87.6535,-82.6571,-85.6079,4.9964,2.0456
6.9583,track,-88.0421,-83.0168,-85.9803,5.0253,2.0618
6.9667,track,-88.4321,-83.3813,-86.3554,5.0508,2.0766
6.975,track,-88.8231,-83.7503,-86.7331,5.0728,2.09
6.9833,track,-89.215,-84.1236,-87.113,5.0914,2.102
6.9917,track,-89.6073,-84.501,-87.4949,5.1064,2.1124
